Liste des établissements d’enseignement supérieur français ayant conclu un partenariat avec le ministère
de l’Europe et des Affaires étrangères
Actualisée au 01/03/2019
AUDENCIA Business School - Ecole de Management de Nantes
2ISA - Institut Informatique Sud Aveyron
3iL Ecole d'Ingénieurs - Limoges
3IS - Institut International de l'Image et du Son
AGROCAMPUS OUEST - Institut national supérieur des sciences agronomiques, agroalimentaires, horticoles et
du paysage AgroParisTech - Institut des sciences et industries du vivant et de l'environnement
AGROSUP Dijon
ARIFTS - Association régionale pour l'institut de formation en travail social
BERNOM SUP Bordeaux
BEST/CCI de Bordeaux - Bordeaux Ecole Supérieure de la Table Gironde
BSA - Bordeaux Sciences Agro - École nationale supérieure des sciences agronomiques de Bordeaux Aquitaine
BSB Dijon - Burgundy school of business
CEFAM - Centre d'Etudes Franco Américain de Management
CELSA Sorbonne
Centre de Formation des Barreaux du Sud Est
Centre MIM - Management International et Marketing
CERAM Business School Nice Sophia-Antipolis
CFA MFR de Vendée - Centre de Formation D’Apprentis, Maison Familiale Rurale de Saint-Michel-Mont-Mercure
CFPN Aix - Centre de Formation Professionnelle des Notaires
CFPN Lille - Centre de Formation Professionnelle des Notaires
CFPN Lyon - Centre de Formation Professionnelle des Notaires
CFPN Nancy - Centre de Formation Professionnelle des Notaires
CFPN Nîmes/Montpellier - Centre de Formation Professionnelle des Notaires
CFPN Paris - Centre de Formation Professionnelle des Notaires
CNAM-INTECH - Institut national des techniques économiques et comptables du CNAM
CNED - Grenoble
CNED - Lyon
CNED - Poitiers
COMUE LNF - Communauté d'Universités et d'Etablissements Lille Nord de France
CPEA – Centre Privé d’études administratives
CS - CentraleSupélec
EAC - Ecole des métiers de la culture
EBI - Ecole de biologie industrielle
EBS - European Business School - Ecole européenne de gestion
ECAM Rennes Louis de Broglie
ECE Paris - Ecole d'ingénieurs
ECOA - Ecole du Centre-Ouest des Avocats
Ecole CAMONDO - Les arts décoratifs
Ecole Centrale de Lille
Ecole Centrale de Lyon
Ecole Centrale de Marseille
Ecole Centrale de Nantes
Ecole de Chaillot (Centre des hautes études de Chaillot)
Ecole de Condé
Ecole de Gestion et de Commerce d'Angoulême
Ecole de Gestion et de Commerce de la Martinique
Ecole de la communication et des médias (sciences com')
Ecole de Management de Normandie
Ecole des avocats Centre Sud / Maison des avocats
Ecole des Avocats du Sud-Ouest Pyrénées
Ecole des Bibliothécaires Documentalistes
Ecole des Psychologues Praticiens
Ecole du Louvre
Ecole Nationale des Beaux-Arts
Ecole Nationale des Chartes
Ecole Nationale Supérieure d'Architecture de Nancy
Ecole Nationale Supérieure des Mines d'Alès
Ecole Nationale Supérieure des Mines de Douai
Ecole Pasteur/CNAM
Ecole Polytechnique
Ecole Pratique des Hautes Etudes
Ecole SUP des RH
Ecole Supérieure d'Art de Metz Métropole
Ecole Supérieure de Commerce - Groupe Sup de Co Amiens - Picardie
École Supérieure de commerce de Clermont - Groupe ESC
Ecole Supérieure de Commerce de Grenoble - Grenoble Ecole de Management
Ecole Supérieure de Commerce de La Rochelle, groupe Sup de Co la Rochelle
Ecole Supérieure de Commerce de Pau
Ecole Supérieure de Commerce de Rennes
Ecole Supérieure de Commerce de Toulouse
Ecole Supérieure de Commerce de Troyes - Groupe ESC Troyes
Ecole Supérieure de Publicité
Ecole Supérieure Estienne
ECS Paris - European Communication School
ECS Strasbourg - European Communication School
EDA ALIENOR - Ecole des avocats de Bordeaux
EDAGO - Ecole des Avocats du Grand-Ouest
EDC PARIS Business School
EDHEC - Ecole des Hautes Etudes Commerciales du Nord
EFAP - Ecole des Nouveaux Métiers de la Communication
EFB - Ecole de la Formation Professionnelle des Barreaux de la Cour d'Appel de Paris
EFJ - Ecole du Nouveau Journalisme
EFREI - École d'ingénieur généraliste en informatique et technologies du numérique
EHESP - Ecole des Hautes Etudes en Santé Publique
EHESS - Ecole des Hautes Etudes en Sciences Sociales
EIGSI - Ecole d'Ingénieurs La Rochelle
EIMP - Ecole Internationale Management Paris
EISTI - Ecole Internationale des Sciences du Traitement de l'Information
EIVP - Ecole des Ingénieurs de la Ville de Paris / Ecole Supérieure du Génie Urbain
EJT - Ecole de Journalisme de Toulouse
EM Lyon Business School
EM Strasbourg Business School
EMLV - Ecole de Management Léonard de Vinci
EMSE - Ecole Nationale Supérieure des Mines de Saint-Etienne
ENA - Ecole nationale d'administration
ENAC - Ecole Nationale de l'Aviation Civile
ENI Ecole Informatique
ENPC - Ecole des Ponts Paritech
ENS - Ecole Normale Supérieure
ENS Lyon - Ecole Normale Supérieure de Lyon
ENS Paris Saclay - Ecole Normale Supérieure de Paris Saclay
ENS Rennes - Ecole Normale Supérieure de Rennes
ENSA VT - Ecole nationale Supérieure d'architecture de la ville et des territoires à Marne-la-Vallée
ENSAE ParisTech - Ecole Nationale de la Statistique et de l'Administration économique
ENSAI - Ecole Nationale de la Statistique et de l'Analyse de l'Information
ENSAL - Ecole nationale supérieure d'architecture de Lyon
ENSAM - Ecole Nationale Supérieure d Arts et Métiers
ENSAPLV - Ecole Nationale Supérieure d'Architecture de Paris La Villette
ENSATT - Ecole Nationale des Arts et Techniques du Théâtre
ENSCI - Ecole Nationale Supérieure de Création Industrielle
ENSCL - Ecole nationale de Chimie de Lille
ENSEC - Ecole Nantaise Supérieure d'Enseignement Commercial - ENC Group
ENSEIRB-MATMECA - Ecole Nationale Sup d'Electronique, Informatique et Radiocomm. de Bordeaux
ENST Paris - Ecole Nationale Supérieure des Télécommunications
ENSTA Bretagne - Ecole Nationale Supérieure des Techniques Avancées Bretagne
ENSTA ParisTech - Ecole Nationale Supérieure des Techniques Avancées - Université Paris-Saclay
ENTPE - Ecole Nationale des Travaux Publics de l'Etat
EPF - Ecole d'ingénieur
EPH - Ecole de communication, de tourisme et d’événementiel
EPITA / EPITECH - Ecole Informatique Techniques Avancées / Expertise informatique
EPSI - Ecole Privée des Sciences Informatiques
EPSI Montpellier
ERAGE- Ecole Régionale des Avocats du Grand Est
ESAIP École d'Ingénieurs
ESAM - European School of Advanced Management and Finance
ESCD 3A Lyon - Ecole Internationale de Commerce et de développement
ESCE - Ecole Supérieure du Commerce Extérieur
ESCEM - École supérieure de commerce et de management (Tours/Poitiers)
ESCIP - Ecole Supérieure de Commerce International du Pas-de-Calais
ESCP-Europe - Ecole Supérieure de Commerce de Paris -
ESDES - Ecole Supérieure de Commerce et de Management
ESGCI - Ecole Supérieure de Gestion et Commerce International
ESIEA - Ecole Supérieure d Informatique, Electronique, Automatique
ESIGELEC- Ecole Supérieure d'Ingénieurs Généraliste
ESIGETEL - École supérieure d'ingénieurs en informatique et génie des télécommunications
ESILV - Ecole Supérieure d'Ingénieurs Léonard de Vinci
ESIT - Ecole Supérieure d'interprètes et de traducteurs
ESJ Paris - Ecole Supérieure de Journalisme de Paris
ESME Sudria - Ecole spéciale de mécanique et d'électricité
ESPAS- ESTICE - Ecole supérieure privée d’application des sciences/Ecole supérieure de transactions
internationales et de commerce extérieur
ESPEME Lille - École supérieure de management des entreprises (Groupe EDHEC)
ESRA - Ecole Supérieure de réalisation audiovisuelle
ESSCA - Ecole Supérieure des Sciences Commerciales d'Angers
ESSEC - Ecole supérieure des sciences économiques et commerciales
ESTACA- Ecole Supérieure des Techniques Aéronautiques et Construction Automobile
ESTACOM - Ecole Supérieure des Techniques Appliquées de la Communication
ESTP Paris - Ecole Spéciale des Travaux Publics, du Bâtiment et de l'Industrie
FACO - Faculté libre de Droit, d'Economie et de Gestion
FEMIS - École nationale supérieure des métiers de l'image et du son
Ferrières (école hôtelière)
France Business School - Campus de Brest
HEC - Hautes Etudes Commerciales
HEDAC - Centre Régional de Formation des Avocats de Versailles - ex CRFPA Versailles
HEIP - Ecole des Hautes Etudes Internationales et Politiques
ICART - Ecole du Management, de la Culture et du Marché de l'Art
ICD Internation Business school - Institut International du Commerce et du Développement
ICES - Institut Catholique d'Etudes Supérieures - La Roche-sur-Yon
ICN Business School Nancy-Metz
IDRAC Lyon - Ecole supérieure de commerce
IDRAC Montpellier - Institut de Développement et de Recherche en Action Commerciale
IEJ - Institut Européen de Journalisme
IESA - Institut d'Etudes Supérieures des Arts
IESEG - School of management
IESTS - Institut d'Enseignement Supérieur de Travail Social
IGS - Institut de Gestion Sociale
IICP - Institut International de la Communication
IIM - Institut de l'Internet et du Multimédia
ILERI - Institut Libre d'Etude des Relations Internationales
IMT Atlantique
INA - Institut National de l'Audiovisuel
INALCO - Institut National des Langues et Civilisations Orientales
INPT - Institut National Polytechnique de Toulouse
INSA Centre Val de Loire - Institut National des Sciences Appliquées
INSA Lyon - Institut National des Sciences Appliquées
INSA Rouen - Institut National des Sciences Appliquées
INSA Strasbourg - Institut National des Sciences Appliquées
INSA Toulouse - Institut National des Sciences Appliquées
INSEEC - Institut des Hautes Etudes Economiques et Commerciales
INSEEC Alpes-Savoie
Institut Catholique de Lille
Institut Catholique de Paris
Institut Catholique de Rennes
Institut Catholique de Toulouse
Institut d'Optique théorique et Appliquée
Institut Limayrac
Institut national universitaire Jean-Francois Champollion
Institut Paul Bocuse
Institut Polytechnique de Grenoble
ISIT - Institut Supérieur d'Interprétation et de Traduction
Institution Notre Dame Saint Jean
IPAG Business school
IPC - Facultés Libres de Philosophie et de Psychologie
IRCOM - Institut Albert le Grand
IRFSS - Institut Régional de Formation sanitaire et Sociale Croix-Rouge Française Nouvelle Aquitaine
IRIS - Institut de Relations Internationales et Stratégiques
IRTS Paris Ile de France - Institut Régional de Travail Social
ISA Lille - Institut supérieur d'agriculture (Ycréa Hauts de France)
ISAE-SUPAERO - Institut Supérieur de l'Aéronautique et de l'Espace
ISC Business school - Institut Supérieur du Commerce
ISCAD - Institut Supérieur Consulaire d'Attachés de Direction
ISCOM Lyon - Institut Supérieur de Communication et Publicité
ISCOM Montpellier - Institut Supérieur de Communication et Publicité
ISCOM Paris - Institut Supérieur de Communication et Publicité
ISCOM Strasbourg - Institut Supérieur de Communication et Publicité
ISCPA - Institut supérieur des Médias
ISEG de Bordeaux - Institut supérieur Européen de Gestion de Bordeaux
ISEG Lyon - Institut supérieur Européen de Gestion de Lyon
ISEG Nord - Institut supérieur Européen de Gestion de Lille
ISEG Paris - Institut supérieur Européen de Gestion de Paris
ISEG Toulouse - Institut supérieur Européen de Gestion de Toulouse
ISEN Brest - Institut supérieur de l'électronique et du numérique (Yncréa Ouest)
ISEP - Institut Supérieur d'Electronique de Paris
ISFJ - Institut Supérieur de Formation au Journalisme
ISG - Institut Supérieur de Gestion
ISIMA - Institut Supérieur d'Informatique de Modélisation et leurs Applications
ISMAPP - Institut Supérieur du Management Public et Politique
ISTC - Institut des Stratégies et Techniques de Communication
ISTEC - Institut Supérieur des Sciences, Techniques et Economie Commerciales - Ecole Supérieure de
Commerce et Marketing ISTOM - École supérieure d'agro-développement international
IUT de Lannion
IUT de Quimper
IUT Nice Côte d'Azur
Ecole des Avocats Nord-Ouest (IXAD)
KEDGE Business School (Campus Bayonne)
KEDGE Business School (Campus Bordeaux)
KEDGE Business school (Campus Marseille)
LHIL - Lycée Hôtelier International de Lille
LHTB - Lycée des Métiers de l'Hôtellerie et du Tourisme Blois Val de Loire
Lycée Albert de Mun - Paris
Lycée Auguste Renoir - Limoges
Lycée Brassai - Paris
Lycée Carcouet - Nantes
Lycée des Métiers Francois Rabelais - Dugny
Lycée des métiers Sainte Anne - Saint Nazaire
Lycée du Parc des Loges - Evry
Lycée Eugène Delacroix - Drancy
Lycée Eugène Delacroix - Maisons-Alfort
Lycée général et technologique Voillaume - Aulnay-sous-bois
Lycée Geoffroy Saint Hilaire -Etampes
Lycée hôtelier Le Renouveau - St-Genest-Lerpt
Lycée Jean Jacques Rousseau - Sarcelles
Lycée Jean Mace - Rennes
Lycée Jeanne Bernard - Bel Air -Saint-Herblain
Lycée Jules Ferry La Colline - Montpellier
Lycée Les Arcades - Dijon
Lycée Maurice Merleau-Ponty - Rochefort
Lycée Maximilien Sorre - Cachan
Lycée Ozenne - Toulouse
Lycée Polyvalent Georges Pompidou - Castelnau le Lez
Lycée Polyvalent Hôtelier Marguerite Yournecar - Beuvry
Lycée Polyvalent LPO L'Initiative - Paris
Lycée Privé de la CCI de Nîmes
Lycée privé technologique et professionnel Talensac - Nantes
Lycée professionnel La Joliverie - Saint-Sébastien-sur-Loire
Lycée Professionnel Régional des Arts Graphiques et des Arts du Livre - Paris
Lycée Robert Doisneau - Corbeil-Essonnes
Lycée Saint Aspais - Melun
Lycée Sidoine Apollinaire - Clermont-Ferrand
Lycée Vial - Nantes
MBA PPA - Pole Paris Alternance
Mines ParisTech
Montpellier Business School
NEOMA Business School - Campus de Reims
NEOMA Business School - Campus de Rouen
NOVANCIA
Paris School of Business
PSL - Université de recherche Paris sciences et lettres
PULV - Pôle universitaire Léonard-de-Vinci
Sciences Po Aix-en-Provence
Sciences Po Bordeaux
Sciences Po Grenoble
Sciences Po Lille
Sciences Po Lyon
Sciences Po Paris
Sciences Po Rennes
Sciences Po Saint-Germain en Laye
Sciences Po Strasbourg
Sciences Po Toulouse
SKEMA Business School
Sorbonne Université - Faculté des lettres
Sorbonne Université - Faculté des sciences
Sud management - Ecole de gestion et de commerce
Sup de Pub
SUPAGRO - Centre International d'Etudes Supérieures en Sciences Agronomiques
SUPELEC - Ecole Supérieure d'Electricité
SUPINFO - Ecole Supérieure d'Informatique de Paris
TELECOM Ecole de management
Télécom Sud Paris - Télécom Ecole de Management
UNC - Université de Nouvelle Calédonie
Université Aix-Marseille
Université Angers
Université Artois
Université Avignon et des Pays du Vaucluse
Université Bordeaux-Montaigne
Université Bretagne Sud - UBS
Université Caen Basse-Normandie
Université Catholique de Lille
Université Catholique de l'Ouest
Université Catholique de Lyon
Université Cergy-Pontoise
Université Claude Bernard Lyon 1- UCBL
Université Clermont Auvergne
Université de Bordeaux
Université de Bordeaux
Université de Bourgogne
Université de Bretagne Occidentale
Université de Corse - Pasquale Paoli
Université de Guyane
Université de la Réunion
Université de Lille
Université de Lorraine
Université de Montpellier
Université de Reims Champagne-Ardenne
Université de Savoie
Université de technologie de Troyes
Université des Antilles
Université Evry Val d'Essonne
Université Franche-Comté
Université Grenoble Alpes
Université Grenoble 3 - Stendhal
Université Jean-Moulin Lyon 3
Université La Rochelle
Université Le Havre
Université Lille 2 - Droit et Santé
Université Limoges
Université Littoral - Côte d Opale
Université Lumière Lyon 2
Université Maine
Université Marne-la-Vallée
Université Montpellier 2
Université Montpellier 3 - Paul Valéry
Université Mulhouse Haute-Alsace
Université Nantes
Université Nice Sophia Antipolis
Université Nimes
Université Orléans
Université Panthéon Assas - Paris 2
Université Panthéon-Sorbonne - Paris 1
Université Paris - Dauphine
Université Paris 13
Université Paris 8 - Vincennes-Saint-Denis
Université Paris Descartes - Paris 5
Université Paris Diderot - Paris 7
Université Paris Nanterre
Université Paris UPEC - Paris-Est Créteil Val de Marne
Université Paris-Est Créteil Val de Marne - UPEC
Université Paris-Sud
Université Pau et Pays de l'Adour
Université Perpignan - Via Domitia
Université Picardie - Jules Verne
Université Poitiers
Université Rennes 1
Université Rennes 2
Université Rouen
Université Saint-Etienne - Jean Monnet
Université Sorbonne Nouvelle - Paris 3
Université Strasbourg
Université Toulon
Université Toulouse 1 Capitole
Université Toulouse 2 - Le Mirail - Sciences humaines
Université Toulouse 3 - Paul Sabatier - Sciences
Université Tours - François Rabelais
Université Valenciennes et du Hainaut Cambrésis
Université Versailles - Saint-Quentin-en-Yvelines
Université de la Polynésie française - UPF